position,AA,cleaved,score,SeqID
1,M,False,0.430474,sp_Q89733_
2,D,False,0.023831,sp_Q89733_
3,P,False,0.032571,sp_Q89733_
4,N,False,0.024081,sp_Q89733_
5,T,False,0.023968,sp_Q89733_
6,V,True,0.665065,sp_Q89733_
7,S,False,0.284431,sp_Q89733_
8,S,False,0.080184,sp_Q89733_
9,F,True,0.796468,sp_Q89733_
10,Q,False,0.176706,sp_Q89733_
11,D,False,0.025636,sp_Q89733_
12,I,False,0.127792,sp_Q89733_
13,L,False,0.474895,sp_Q89733_
14,M,True,0.558734,sp_Q89733_
15,R,True,0.879927,sp_Q89733_
16,M,True,0.958708,sp_Q89733_
17,S,False,0.025851,sp_Q89733_
18,K,False,0.162513,sp_Q89733_
19,M,True,0.882977,sp_Q89733_
20,Q,False,0.07594,sp_Q89733_
21,L,True,0.954288,sp_Q89733_
22,G,False,0.156833,sp_Q89733_
23,S,False,0.043435,sp_Q89733_
24,S,False,0.048205,sp_Q89733_
25,S,False,0.025085,sp_Q89733_
26,E,False,0.068152,sp_Q89733_
27,D,False,0.035542,sp_Q89733_
28,L,False,0.305578,sp_Q89733_
29,N,False,0.022816,sp_Q89733_
30,G,False,0.027581,sp_Q89733_
31,I,False,0.34934,sp_Q89733_
32,I,False,0.112009,sp_Q89733_
33,T,False,0.073583,sp_Q89733_
34,Q,False,0.490445,sp_Q89733_
35,F,True,0.967695,sp_Q89733_
36,E,False,0.028007,sp_Q89733_
37,S,False,0.02773,sp_Q89733_
38,L,True,0.970146,sp_Q89733_
39,K,True,0.734585,sp_Q89733_
40,L,True,0.973168,sp_Q89733_
41,Y,True,0.970662,sp_Q89733_
42,R,False,0.086741,sp_Q89733_
43,D,False,0.042529,sp_Q89733_
44,S,False,0.023235,sp_Q89733_
45,L,True,0.7837,sp_Q89733_
46,G,False,0.030883,sp_Q89733_
47,E,False,0.035234,sp_Q89733_
48,A,False,0.271216,sp_Q89733_
49,V,True,0.667351,sp_Q89733_
50,M,True,0.873348,sp_Q89733_
51,R,True,0.529678,sp_Q89733_
52,M,True,0.942439,sp_Q89733_
53,G,False,0.024724,sp_Q89733_
54,D,False,0.023036,sp_Q89733_
55,L,False,0.38089,sp_Q89733_
56,H,False,0.032248,sp_Q89733_
57,S,False,0.027957,sp_Q89733_
58,L,True,0.969101,sp_Q89733_
59,Q,False,0.112154,sp_Q89733_
60,N,False,0.043123,sp_Q89733_
61,R,False,0.222538,sp_Q89733_
62,N,False,0.080844,sp_Q89733_
63,G,False,0.030559,sp_Q89733_
64,K,True,0.536102,sp_Q89733_
65,W,True,0.950655,sp_Q89733_
66,R,False,0.046287,sp_Q89733_
67,E,False,0.042924,sp_Q89733_
68,Q,False,0.132225,sp_Q89733_
69,L,False,0.341321,sp_Q89733_
70,G,False,0.024361,sp_Q89733_
71,Q,False,0.065606,sp_Q89733_
72,K,False,0.382768,sp_Q89733_
73,F,False,0.442996,sp_Q89733_
74,E,False,0.024011,sp_Q89733_
75,E,False,0.043881,sp_Q89733_
76,I,False,0.485284,sp_Q89733_
77,R,False,0.035946,sp_Q89733_
78,W,True,0.632082,sp_Q89733_
79,L,False,0.264895,sp_Q89733_
80,I,True,0.509946,sp_Q89733_
81,E,False,0.026251,sp_Q89733_
82,E,False,0.027686,sp_Q89733_
83,V,True,0.804734,sp_Q89733_
84,R,True,0.858837,sp_Q89733_
85,H,False,0.066025,sp_Q89733_
86,R,False,0.079985,sp_Q89733_
87,L,True,0.972632,sp_Q89733_
88,K,False,0.122827,sp_Q89733_
89,I,True,0.556694,sp_Q89733_
90,T,False,0.028568,sp_Q89733_
91,E,False,0.037787,sp_Q89733_
92,N,False,0.123239,sp_Q89733_
93,S,False,0.041309,sp_Q89733_
94,F,True,0.822191,sp_Q89733_
95,E,False,0.023428,sp_Q89733_
96,Q,False,0.136754,sp_Q89733_
97,I,False,0.363285,sp_Q89733_
98,T,False,0.026853,sp_Q89733_
99,F,True,0.696433,sp_Q89733_
100,M,True,0.87121,sp_Q89733_
101,Q,False,0.305372,sp_Q89733_
102,A,False,0.233883,sp_Q89733_
103,L,True,0.791656,sp_Q89733_
104,Q,False,0.031802,sp_Q89733_
105,L,True,0.907272,sp_Q89733_
106,L,True,0.692929,sp_Q89733_
107,L,True,0.706311,sp_Q89733_
108,E,False,0.023829,sp_Q89733_
109,V,True,0.648615,sp_Q89733_
110,E,False,0.025151,sp_Q89733_
111,Q,False,0.053103,sp_Q89733_
112,E,False,0.024202,sp_Q89733_
113,I,True,0.816755,sp_Q89733_
114,R,False,0.094321,sp_Q89733_
115,T,False,0.061895,sp_Q89733_
116,F,True,0.765679,sp_Q89733_
117,S,False,0.028691,sp_Q89733_
118,F,True,0.90013,sp_Q89733_
119,Q,False,0.171194,sp_Q89733_
120,L,True,0.962648,sp_Q89733_
121,I,True,0.920213,sp_Q89733_
1,M,True,0.686397,sp_Q993T1_
2,N,False,0.036378,sp_Q993T1_
3,R,False,0.296364,sp_Q993T1_
4,L,True,0.837624,sp_Q993T1_
5,L,True,0.691812,sp_Q993T1_
6,Q,False,0.024524,sp_Q993T1_
7,R,True,0.502574,sp_Q993T1_
8,Q,False,0.041924,sp_Q993T1_
9,L,False,0.253537,sp_Q993T1_
10,F,True,0.624663,sp_Q993T1_
11,L,True,0.911633,sp_Q993T1_
12,E,False,0.027272,sp_Q993T1_
13,N,False,0.029332,sp_Q993T1_
14,L,True,0.808398,sp_Q993T1_
15,L,False,0.349657,sp_Q993T1_
16,V,True,0.81204,sp_Q993T1_
17,G,False,0.066932,sp_Q993T1_
18,T,False,0.032473,sp_Q993T1_
19,N,False,0.033291,sp_Q993T1_
20,S,False,0.040514,sp_Q993T1_
21,M,True,0.943009,sp_Q993T1_
22,F,True,0.924668,sp_Q993T1_
23,H,False,0.325834,sp_Q993T1_
24,Q,False,0.036656,sp_Q993T1_
25,I,True,0.742546,sp_Q993T1_
26,S,False,0.033335,sp_Q993T1_
27,K,False,0.144718,sp_Q993T1_
28,H,True,0.545697,sp_Q993T1_
29,S,False,0.036915,sp_Q993T1_
30,I,True,0.762855,sp_Q993T1_
31,N,False,0.036249,sp_Q993T1_
32,T,False,0.117587,sp_Q993T1_
33,C,False,0.259555,sp_Q993T1_
34,C,False,0.049666,sp_Q993T1_
35,R,True,0.758974,sp_Q993T1_
36,S,False,0.02956,sp_Q993T1_
37,L,True,0.856202,sp_Q993T1_
38,Q,False,0.025161,sp_Q993T1_
39,R,False,0.166772,sp_Q993T1_
40,I,False,0.051435,sp_Q993T1_
41,L,False,0.076034,sp_Q993T1_
42,D,False,0.031988,sp_Q993T1_
43,H,False,0.075863,sp_Q993T1_
44,L,True,0.787992,sp_Q993T1_
45,I,False,0.461133,sp_Q993T1_
46,L,True,0.953475,sp_Q993T1_
47,L,True,0.933369,sp_Q993T1_
48,Q,False,0.111643,sp_Q993T1_
49,T,False,0.046946,sp_Q993T1_
50,I,False,0.409012,sp_Q993T1_
51,H,False,0.145583,sp_Q993T1_
52,S,False,0.027249,sp_Q993T1_
53,P,False,0.393772,sp_Q993T1_
54,V,True,0.93082,sp_Q993T1_
55,F,True,0.881542,sp_Q993T1_
56,R,False,0.036962,sp_Q993T1_
57,L,True,0.963386,sp_Q993T1_
58,D,False,0.0715,sp_Q993T1_
59,R,False,0.144125,sp_Q993T1_
60,M,True,0.955048,sp_Q993T1_
61,Q,False,0.031937,sp_Q993T1_
62,L,True,0.570128,sp_Q993T1_
63,R,False,0.486545,sp_Q993T1_
64,Q,False,0.028494,sp_Q993T1_
65,M,False,0.096098,sp_Q993T1_
66,Q,False,0.037441,sp_Q993T1_
67,M,True,0.864058,sp_Q993T1_
68,L,True,0.659717,sp_Q993T1_
69,A,False,0.219207,sp_Q993T1_
70,C,False,0.023303,sp_Q993T1_
71,L,False,0.244458,sp_Q993T1_
72,W,False,0.378633,sp_Q993T1_
73,I,False,0.082327,sp_Q993T1_
74,H,False,0.143319,sp_Q993T1_
75,Q,False,0.052918,sp_Q993T1_
76,H,True,0.582896,sp_Q993T1_
77,N,False,0.038589,sp_Q993T1_
78,H,True,0.516326,sp_Q993T1_
79,D,False,0.041616,sp_Q993T1_
80,L,True,0.939153,sp_Q993T1_
81,Q,False,0.025199,sp_Q993T1_
82,A,False,0.22953,sp_Q993T1_
83,T,False,0.026498,sp_Q993T1_
84,L,True,0.902877,sp_Q993T1_
85,G,False,0.106517,sp_Q993T1_
86,A,False,0.070689,sp_Q993T1_
87,I,False,0.185571,sp_Q993T1_
88,K,False,0.446639,sp_Q993T1_
89,W,True,0.947789,sp_Q993T1_
90,I,True,0.59532,sp_Q993T1_
91,S,False,0.04583,sp_Q993T1_
92,P,False,0.058042,sp_Q993T1_
